Workbook

Sheet 계약리스트
A1: 계약번호 | B1: 계약일자 | C1: 차종 | D1: 차대번호 | E1: 차량번호 | F1: 색상 | G1: 정비여부 | H1: 보험연령 | I1: 일사용료 | J1: 사용일수 | K1: 보증금 | L1: 사업장 업체명 | M1: 사업자번호 | N1: 대표자명 | O1: 업체주소 | P1: 사업장 연락처 | Q1: 사업장 이메일 | R1: 대표자 주민번호 | S1: 대표자 연락처 | T1: 대표자 주소 | U1: 계약유형 | V1: 상품유형 | W1: 납입방법 | X1: 납입계좌 | Y1: 요금결제일 | Z1: 계약유형 | AA1: 상품유형 | AB1: 납입방법 | AC1: 납입계좌 | AD1: 요금결제일
A2: 1 | B2: 2026-04-24 | C2: UHR150 | D2: LWMTDKH95THJ00467 | E2: 1나88370 | F2: 화이트 | G2: 비포함 | H2: 만30세 | I2: 26400 | J2: 365 | K2: 300000 | L2: 중앙 오토바이 가수점 | M2: 737-55-00719 | N2: 안종식 | O2: 경기도 오산시 가장로 763, 1층 5,6호(가수동) | P2: 010-5813-7336 | Q2: jungang@example.com | R2: 820530-1046518 | S2: 010-5813-7336 | T2: 경기도 오산시 궐동로 77, 1층(궐동) | U2: 렌트 | V2: 인수형 | W2: 계좌이체 | X2: 기업은행 929-028075-04-011 포어스바이크(유) | Y2: 월2회(15일,말일) | Z2: 할부 판매 | AA2: 인수형 | AB2: 계좌이체 | AC2: 기업은행 929-028519-04-010 | AD2: 월2회(15일, 말일)

Sheet 계약서
L1: 계약번호입력→
B2: 이륜차 할부판매 계약서 | L2: 1
B3: 한국모터사이클리스 유한회사 | F3: 계약번호 | I3: =IFERROR(TEXT($L$2,"0000"),"") -> 0001
B5: ■ 차량 정보
B6: 차종 | C6: =IFERROR(IF(VLOOKUP($L$2,[1]계약리스트!$A$2:$AD$10000,3,0)="","",VLOOKUP($L$2,[1]계약리스트!$A$2:$AD$10000,3,0)),"") -> UHR150 | E6: 차량번호 | F6: =IFERROR(IF(VLOOKUP($L$2,[1]계약리스트!$A$2:$AD$10000,5,0)="","",VLOOKUP($L$2,[1]계약리스트!$A$2:$AD$10000,5,0)),"") -> 1나88370 | H6: 색상 | I6: =IFERROR(IF(VLOOKUP($L$2,[1]계약리스트!$A$2:$AD$10000,6,0)="","",VLOOKUP($L$2,[1]계약리스트!$A$2:$AD$10000,6,0)),"") -> 화이트
B7: 차대번호 | C7: =IFERROR(IF(VLOOKUP($L$2,[1]계약리스트!$A$2:$AD$10000,4,0)="","",VLOOKUP($L$2,[1]계약리스트!$A$2:$AD$10000,4,0)),"") -> LWMTDKH95THJ00467 | E7: 정비여부 | F7: =IFERROR(IF(VLOOKUP($L$2,[1]계약리스트!$A$2:$AD$10000,7,0)="","",VLOOKUP($L$2,[1]계약리스트!$A$2:$AD$10000,7,0)),"") -> 비포함 | H7: 계약일자 | I7: =IFERROR(IF(VLOOKUP($L$2,[1]계약리스트!$A$2:$AD$10000,2,0)="","",VLOOKUP($L$2,[1]계약리스트!$A$2:$AD$10000,2,0)),"") -> 2026-04-24
B9: ■ 계약자
B10: 업체명 | C10: =IFERROR(IF(VLOOKUP($L$2,[1]계약리스트!$A$2:$AD$10000,12,0)="","",VLOOKUP($L$2,[1]계약리스트!$A$2:$AD$10000,12,0)),"") -> 중앙 오토바이 가수점 | E10: 사업자번호 | F10: =IFERROR(IF(VLOOKUP($L$2,[1]계약리스트!$A$2:$AD$10000,13,0)="","",VLOOKUP($L$2,[1]계약리스트!$A$2:$AD$10000,13,0)),"") -> 737-55-00719 | H10: 대표자명 | I10: =IFERROR(IF(VLOOKUP($L$2,[1]계약리스트!$A$2:$AD$10000,14,0)="","",VLOOKUP($L$2,[1]계약리스트!$A$2:$AD$10000,14,0)),"") -> 안종식
B11: 연락처 | C11: =IFERROR(IF(VLOOKUP($L$2,[1]계약리스트!$A$2:$AD$10000,16,0)="","",VLOOKUP($L$2,[1]계약리스트!$A$2:$AD$10000,16,0)),"") -> 010-5813-7336 | E11: 업체주소 | F11: =IFERROR(IF(VLOOKUP($L$2,[1]계약리스트!$A$2:$AD$10000,15,0)="","",VLOOKUP($L$2,[1]계약리스트!$A$2:$AD$10000,15,0)),"") -> 경기도 오산시 가장로 763, 1층 5,6호(가수동)
B12: ※ 제출 서류 : 사업자등록증 사본, 대표자 신분증 사본
B14: ■ 연대보증인
B15: 성명 | C15: =IFERROR(IF(VLOOKUP($L$2,[1]계약리스트!$A$2:$AD$10000,14,0)="","",VLOOKUP($L$2,[1]계약리스트!$A$2:$AD$10000,14,0)),"") -> 안종식 | E15: 주민등록번호 | F15: =IFERROR(IF(VLOOKUP($L$2,[1]계약리스트!$A$2:$AD$10000,18,0)="","",VLOOKUP($L$2,[1]계약리스트!$A$2:$AD$10000,18,0)),"") -> 820530-1046518 | H15: 연락처 | I15: =IFERROR(IF(VLOOKUP($L$2,[1]계약리스트!$A$2:$AD$10000,19,0)="","",VLOOKUP($L$2,[1]계약리스트!$A$2:$AD$10000,19,0)),"") -> 010-5813-7336
B16: 주소 | C16: =IFERROR(IF(VLOOKUP($L$2,[1]계약리스트!$A$2:$AD$10000,20,0)="","",VLOOKUP($L$2,[1]계약리스트!$A$2:$AD$10000,20,0)),"") -> 경기도 오산시 궐동로 77, 1층(궐동)
B17: ※ 제출 서류 : 대표자 신분증 사본 | 보증 기한 : 2년 | 보증 한도 : 전체 이용료의 130%
B19: ■ 계약 조건
B20: 계약유형 | C20: =IFERROR(IF(VLOOKUP($L$2,계약리스트!$A$2:$AD$10000,21,0)="","",VLOOKUP($L$2,계약리스트!$A$2:$AD$10000,21,0)),"") -> 렌트 | E20: 상품유형 | F20: =IFERROR(IF(VLOOKUP($L$2,계약리스트!$A$2:$AD$10000,27,0)="","",VLOOKUP($L$2,계약리스트!$A$2:$AD$10000,27,0)),"") -> 인수형 | H20: 렌트기간 | I20: =IFERROR(VLOOKUP($L$2,계약리스트!$A$2:$AD$10000,10,0)&"일","") -> 365일
B21: 일사용료 (VAT포함) | C21: =IFERROR(TEXT(VLOOKUP($L$2,계약리스트!$A$2:$AD$10000,9,0),"#,##0")&" 원","") -> 26,400 원 | E21: 보증금 | F21: =IFERROR(TEXT(VLOOKUP($L$2,계약리스트!$A$2:$AD$10000,11,0),"#,##0")&" 원","") -> 300,000 원 | H21: 요금결제일 | I21: =IFERROR(IF(VLOOKUP($L$2,계약리스트!$A$2:$AD$10000,30,0)="","",VLOOKUP($L$2,계약리스트!$A$2:$AD$10000,30,0)),"") -> 월2회(15일, 말일)
B22: 납입방법 | C22: 계좌이체 | E22: 청구시작일 | F22: 차량 인도일부터
B23: 납입계좌 | C23: =IFERROR(IF(VLOOKUP($L$2,[1]계약리스트!$A$2:$AD$10000,24,0)="","",VLOOKUP($L$2,[1]계약리스트!$A$2:$AD$10000,24,0)),"") -> 기업은행 929-028075-04-011 포어스바이크(유)
B25: ■ 회사 정보 (공급자)
B26: 상호 | C26: 한국모터사이클리스 유한회사 | E26: 사업자번호 | F26: 647-86-03800 | H26: 대표이사 | I26: 김현수
B27: 주소 | C27: 경기도 수원시 권선구 입북로59번길 15 | G27: 고객센터 | H27: 010-2730-7845
B29: ■ 주요 확인사항 (서명 전 필독)
B30: 1. 본 계약에 따른 모든 대금(할부금·보증금·부대비용 등)의 수납 및 세금계산서 발행 업무는 포어스바이크(유)가 대행하며, 타 계좌 입금 시 입금 확인이 불가합니다.
B31: 2. 계약 취소·중도 해지 시 보증금은 반환되지 아니하며, 위약금과는 별도로 회수비용(출장비·운송비·원상복구비)은 계약자가 부담합니다.
B32: 3. 보증금 지급 유예 기간 내 미지급으로 계약이 자동 해지되는 경우, 계약자는 차량 반환과 동시에 (1) 인도일부터 반환일까지의 일할 사용료, (2) 감가손실액, (3) 등록비·번호판·보험료 등 회사가 이미 지출한 부대비용을 배상합니다.
B33: 4. 배달통·슬라이더 등 무상 지원 비품은 계약 취소·중도 해지 시 안내 장소로 반납하여야 합니다.
B34: 5. 세금계산서는 회사 명의로 발행되며, 본 계약서에 기재된 연대보증인(사업장)의 사업자등록번호를 기준으로 발급됩니다.
B36: ■ 개인(신용)정보 수집·이용, 금융거래정보 제공, 업무위탁 동의
B37: 수집·이용 목적 | D37: 거래관계 설정·유지, 상품 제공, 법령상 의무이행, 분쟁처리, 민원처리, 차량 분실 방지, 사고 대응, 서비스 개선, 통계 분석 등 계약 이행 전반
B38: 수집 항목 | D38: 성명(실명), 주민등록번호, 휴대전화번호, 이메일, 현주소, 근무지, 신분증 정보, 거래카드·계좌 정보, 차량 위치정보(FMS 수집 포함)
B39: 보유·이용 기간 | D39: 수집·이용 목적 달성 후 파기. 단, 전자상거래법 등 관련 법령에 따라 계약·결제 기록은 5년 보존, 불량이용자 재가입 방지 등 목적 기록은 해지 후 1년 보존
B40: 금융거래정보 제공 | D40: 신용카드·자동이체 등록·해지 시까지 수납기관(및 결제대행사)에 거래정보 제공 (금융실명법에 따라 동의)
B41: 자동이체 동의 | D41: 매월 발생하는 이륜차 임대료, 보증금, 위약금, 과태료, 범칙금 등을 신용카드 자동승인 또는 계좌 자동이체로 출금 거래 신청
B42: 업무위탁 내역 | D42: 협력사(공급·운송·출고 정보), 수납대행사 포어스바이크(유)(대금 수납·세금계산서·채권관리), 배달대행사(고객정보), 차량등록소(등록 사무), 효성에프엠에스(자동이체)
B43: 상기 "개인(신용)정보 수집·이용·제공 동의", "금융거래정보 제공 동의", "업무위탁 동의"에 대하여 □ 동의안함 □ 전부 동의함
B45: ■ 계약 체결
B46: 본인은 본 이륜차 할부판매 계약서와 별지 이용약관의 내용을 전부 설명 듣고 확인하였으며, 본 계약에 따른 권리·의무와 제반 동의 사항에 이의 없이 동의합니다.
B47: 계약자 | C47: =IFERROR(IF(VLOOKUP($L$2,계약리스트!$A$2:$AD$10000,12,0)="","",VLOOKUP($L$2,계약리스트!$A$2:$AD$10000,12,0)),"") -> 중앙 오토바이 가수점 | F47: (인) | G47: 연대보증인 | H47: =IFERROR(IF(VLOOKUP($L$2,계약리스트!$A$2:$AD$10000,14,0)="","",VLOOKUP($L$2,계약리스트!$A$2:$AD$10000,14,0)),"") -> 안종식 | J47: (인)
B48: 공급자 | C48: 한국모터사이클리스 유한회사 | J48: (인)

Sheet 이용약관
B1: 이륜차 할부판매 계약 이용약관
B3: 제1조 (목적) | D3: ② 결제방법이란, 회사가 안내한 수납대행사 은행계좌로 한국은행 발행 통화를 지급하거나 결제 수
B4: 이 약관은 한국모터사이클리스 유한회사(이하 "회사")와 본 계약을 체결한 계약자(이하 "계약자")간 | D4: 단을 통해 납부하는 것을 의미한다.
B5: 의 이륜차 할부판매에 관한 권리·의무를 규정함을 목적으로 한다. | D5: ③ 매도인의 가격 인상, 정부 정책 등 불가피한 사정으로 할부금이 변동될 경우 회사는 계약자에게 개
D6: 별 통지하며, 계약자는 이륜차 출고 이전까지 계약을 취소할 수 있다.
B7: 제2조 (용어의 정의) | D7: ④ 이륜차의 도난·멸실·훼손으로 운행이 불가능한 사유가 발생하더라도 계약자는 할부금 지급 의무를
B8: ① "할부판매 계약"이란, 계약자가 요청한 기종의 이륜차를 회사가 판매하고 계약자가 그 대금을 일 | D8: 거부할 수 없다.
B9: 일정 기간에 걸쳐 분할 지급하는 매매계약을 말한다. | D9: ⑤ 납부주기 변경으로 할부금이 조정되는 경우 최초 계약 당시의 단가표 기준에 따라 산정·적용한다.
B10: ② "이륜차"란, 회사가 계약자의 요청에 따라 본 계약서에 특정한 이륜차를 말하며, 인도 시 부착된 | D10: ⑥ 회사는 연체된 할부금·위약금 등 본 계약상 채권의 회수 및 추심 업무를 수납대행사(포어스바이크
B11: 부속품 및 장착물을 포함한다. | D11: 바이크 유한회사)에 위임하며, 미수금이 14일 이상 지속되는 경우 수납대행사는 회사를 대리하여
B12: ③ "계약기간"이란, 계약자가 본 계약에 따라 이륜차를 인도받아 사용하는 기간을 말한다. | D12: 계약자에게 독촉·추심할 수 있다.
B13: ④ "보증금"이란, 할부금 지급 및 본 계약상 채무이행을 담보하기 위해 계약자가 회사에 납부하는 금
B14: 원을 말하며, 계약기간 만료 시 계약자가 모든 채무를 이행 완료한 경우 반환한다. | D14: 제8조 (지연손해금 및 반환지연금)
B15: ⑤ "계약자"는 본 계약 제1면에 "계약자"로 기재된 사업장을 말하며, 본 계약상 주채무자이다. | D15: ① 계약자가 약정 금액을 기한 내에 이행하지 않는 경우 위약금이 발생하며, 계약자는 회사의 청구일
B16: ⑥ "연대보증인"은 본 계약 1면에 기재된 사업장 및 그 대표자를 말하며, 계약자와 연대하여 본 계약 | D16: 청구일로부터 5일 이내에 지급하여야 한다.
B17: 상 채무를 부담함과 동시에 세금계산서 수취 대상을 겸한다. | D17: ② 지연손해금 계산식: 지연손해금 = 연체금액 × 경과일수 × 연 20%
B18: ⑦ "위약금"이란, 계약자의 귀책사유로 주문 취소 또는 중도 해지 시 회사에 지급하여야 하는 금액을 | D18: ③ 반환지연금은 계약 만료·해지에도 불구하고 계약자가 이륜차를 반환하지 않고 점유·사용을 계속
B19: 말한다. | D19: 계속하는 경우 발생하며, 계산식은 다음과 같다. ㆍ반환지연금 = 1일 사용료 × 경과일수 × 연20%
B20: ⑧ "지연손해금"이란, 계약자가 할부금·위약금·과태료 등의 납부를 지체한 경우 발생하는 추가 비용 | D20: ④ 지연손해금과 반환지연금은 회사의 손해배상청구와 별도로 부과될 수 있다.
B21: 을 말한다. | D21: ⑤ 연체·미납이 발생하는 경우 회사는 계약자의 별도 동의 없이 해당 채무를 신용정보집중기관
B22: ⑨ "계약이관"이란, 계약자가 본 계약상의 권리와 의무를 제3자에게 승계하는 것을 말한다. | D22: 에 등록하거나 신용정보업체에 채권추심을 의뢰할 수 있다.
B23: ⑩ "사용자"는 본 계약 차량을 실제 운행하는 자로서, 계약자 본인 또는 계약자가 지정·관리하는 자를
B24: 말한다. | D24: 제9조 (연대보증인의 책임)
D25: ① 연대보증인(사업장 및 대표자)은 할부금 지급채무를 포함하여 계약자가 회사에 대하여 본 계약과
B26: 제3조 (서류 제출 및 이륜차 인도) | D26: 관련하여 부담하는 일체의 채무를 보증하며, 계약자 및 상호 간에 연대하여 그 채무를 이행한다.
B27: ① 계약자는 본 계약 체결에 필요한 서류를 회사에 제출하여야 하며, 보완 요구에도 성실히 응한다. | D27: ② 계약자가 회사의 동의 없이 본 계약상 채무를 제3자에게 인수·승계시킨 경우에도 연대보증인은
B28: 제출된 서류는 어떠한 경우에도 반환하지 아니한다. | D28: 채무가 전액 변제될 때까지 보증채무를 부담한다.
B29: ② 회사는 청구시작일부터 지정 장소에 이륜차를 인도하며, 해당 날짜부터 계약이 개시된다. 인도 이 | D29: ③ 연대보증인은 계약자의 미변제 채무가 남아 있는 경우 계약자의 채무를 회사보다 먼저 변제받을
B30: 후에는 계약자는 이륜차의 하자·결함을 이유로 할부금 지급의무를 거부할 수 없다. | D30: 받을 권리를 행사할 수 없다.
D31: ④ 보험 연령 변경 등 일부 계약 내용이 변경되는 경우 연대보증인이 별도로 서명·날인하지 않더라도
B32: 제4조 (소유권 유보 및 이전) | D32: 더라도 그 변경에 동의한 것으로 본다. 단, 변경 내용이 연대보증인에게 불리한 경우 계약자는 즉
B33: ① 본 계약에 따른 이륜차의 소유권은 계약자가 모든 채무를 전액 이행할 때까지 회사에 유보된다. | D33: 시 연대보증인에게 통지하여야 하며, 14일 이내 이의 제기 시 회사는 새로운 보증인의 추가 또는
B34: ② 인수형 계약의 경우, 계약자가 모든 채무를 완전히 이행한 때 회사는 회사의 내부 행정 절차에 따라 | D34: 교체를 요구할 수 있다. 연대보증인은 미성년자·배우자 등 불법 강제보증인으로 할 수 없다.
B35: 이륜차의 소유권을 계약자에게 이전한다.
B36: ③ 반납형 계약의 경우 이륜차의 소유권은 계약 종료 후에도 회사에 귀속된다. | D36: 제10조 (운행자성 및 운행지배)
B37: ④ 인수형 계약이라 하더라도 계약기간 만료 및 약정 금액의 완납 전에는 계약자는 이륜차의 소유권 | D37: ① 본 계약 차량의 소유권은 회사에 있으나, 회사는 자동차손해배상보장법 제3조에서 정한 "자기
B38: 을 주장할 수 없다. | D38: 기를 위하여 자동차를 운행하는 자"(이하 "운행자")에 해당하지 아니한다. 회사는 본 계약 차량에
D39: 대한 운행지배 및 운행이익을 갖지 아니한다.
B40: 제5조 (계약자의 책임) | D40: ② 본 계약 차량의 보험은 사용자(계약자 본인 또는 계약자가 지정한 자) 명의로 가입하며, 보
B41: ① 계약자는 선량한 관리자의 주의로 이륜차를 유지·관리하여야 하며, 운행 중 발생하는 모든 사고에 | D41: 험가입 주체는 사용자이다. 회사는 보험계약의 당사자가 아니다.
B42: 대해 책임을 부담한다. | D42: ③ 본 계약 차량의 운행자는 계약자이며, 운행 중 발생하는 모든 인적·물적 손해에 대한 운행자
B43: ② 계약자는 계약기간 중 임의로 타부착물을 장착하거나 이륜차의 구조를 변경할 수 없다. | D43: 책임은 전적으로 계약자가 부담한다. 계약자가 사용자에게 차량을 운행하게 한 경우, 계약자는
B44: ③ 이륜차의 소유권은 회사에 있으며, 계약자는 본 계약의 목적 범위 내에서 본인이 직접 사용·수익 | D44: 사용자를 지정·관리·감독하는 지위에 있으므로 운행자성 및 운행지배력은 여전히 계약자에게 있다.
B45: 할 권리와 운행이익권만을 가진다. 계약자는 본 계약에서 허용하는 범위를 초과하여 제3자에게 | D45: ④ 제3자가 회사를 상대로 운행자 책임을 청구하는 경우 계약자는 자신의 비용·책임으로 회사를 면책
B46: 사용·수익하게 할 수 없다. 또한, 제16조·제17조에 따라 계약이 해지된 경우 계약자는 즉시 운행을 | D46: 시켜야 하며, 회사가 부득이 배상한 경우 그 금액 및 관련 비용 일체를 즉시 회사에 상환하여야 한다.
B47: 중단하고 이륜차를 반환하여야 한다.
B48: ④ 계약자는 인수형 할부판매라 하더라도 계약기간 만료 및 약정 금액 완납 전에는 이륜차의 소유권 | D48: 제11조 (계약의 이관 및 승계)
B49: 을 주장할 수 없다. | D49: ① 계약자는 회사의 사전 승인 없이 본 계약상의 권리·의무를 제3자에게 임의로 승계할 수 없다.
B50: ⑤ 제3자가 이륜차에 대하여 권리를 주장하거나 보전처분·강제집행 등으로 회사의 소유권을 침해할 | D50: ② 계약자가 제3자에게 승계하고자 하는 경우 인적사항·신용상태·영업상황 등 필요 정보를 제
B51: 위험이 있는 경우, 계약자는 이륜차가 회사의 소유임을 주장·입증하여 침해를 방지하고 즉시 그 사 | D51: 공하여야 하며, 회사는 심사기준에 부합하지 않으면 거절할 수 있다.
B52: 실을 회사에 통지하여야 한다. | D52: ③ 회사의 승인 없이 계약자가 제3자에게 넘긴 경우, 계약자는 할부금 지급의무 및 기타 채무를
B53: ⑥ 계약자는 이륜차를 인도받은 시점부터 반환 시까지 도난·멸실·훼손 등 일체의 사고에 대한 책임을 | D53: 계속 이행하여야 한다.
B54: 부담한다. | D54: ④ 계약이관을 하기 위해서는 할부금·수리비·위약금·과태료 등 일체 미납금이 없어야 한다.
B55: ⑦ 이륜차 도난·멸실·훼손 시 계약자는 지체 없이 회사에 통보하고, 자신의 비용으로 (1) 이륜차를 원 | D55: ⑤ 승계받고자 하는 제3자가 계약이관서에 서명함으로써 절차는 완료된 것으로 본다.
B56: 를 원상태로 완전복구 또는 (2) 동일모델·사양으로 교체 중 하나를 이행해야 한다.
B57: ⑧ 계약자는 계약 개시 시점에 차량·키·일체의 부속품을 인수하므로, 계약 종료 시까지 관련 도 | D57: 제12조 (차량 위치정보 등 제공 동의)
B58: 난·멸실·훼손에 대한 모든 책임을 부담한다. | D58: ① 해당 이륜차에는 도난·멸실·분실 위험 방지를 위하여 위치정보 수집 장치가 부착되어 있으며,
D59: 계약자는 이를 인지하고 동의한다.
B60: 제6조 (보증금 및 계약금) | D60: ② 계약자는 이륜차가 운행되는 전 기간에 대하여 위치정보 수집·이용·제공의 적법성을 확보할 책
B61: ① 계약자는 계약 체결 시 회사가 지정하는 수납 대행사(포어스바이크 유한회사)의 계좌로 보증금을 | D61: 임을 부담하며, 이와 관련하여 제3자로부터 회사에 제기되는 일체의 청구·손해·과태료에 대하여
B62: 증금을 지급하여야 한다. 사전 동의를 받아 보증금 지급이 지연된 경우 회사는 최대 7일의 유예기간 | D62: 계약자가 전적으로 책임을 진다.
B63: 을 둘 수 있다 | D63: ③ 계약자는 위치정보 장치를 임의로 변경·제거·훼손할 수 없다.
B64: ② 전항의 유예기간 내 지급이 이루어지지 않을 경우 본 계약은 자동 해지되며, 계약자는 즉시 이륜차 | D64: ④ 회사는 채무불이행, 계약 해지, 회수 절차, 보험사고 처리 등 본 계약 이행·관리에 필요한 범위내
B65: 이륜차를 반환함과 동시에 (1) 인도일부터 반환일까지의 일할 사용료, (2) 이륜차의 감가손실액, | D65: 에서만 위치정보를 활용한다.
B66: (3) 차량 등록비·번호판 비용 등 회사가 이미 지출한 부대비용 일체를 회사에 배상하여야 한다.
B67: ③ 보증금은 계약기간 만료·계약자가 모든 채무를 이행한 뒤 수납대행사를 통해 반환한다. 다만, 미납 | D67: 제13조 (이륜차 유지비용 및 제세공과금)
B68: 과태료·수리비 등이 확인될 수 있으므로 계약기간 만료일로부터 1개월이 경과한 이후에 반환한다. | D68: ① 계약자는 관련 법령과 관할관청·회사의 지시를 준수한다.
B69: ④ 반환된 이륜차 상태에 따라 보증금에서 수리비를 공제하며, 수리비가 보증금을 초과하면 계약자는 | D69: ② 회사는 계약기간 중 언제든 계약자의 본 계약 준수 여부를 점검할 수 있으며, 계약자는 성실히 협조
B70: 자는 차액을 추가 납부하여야 한다. | D70: 조하여야 한다.
B71: ⑤ 미납 과태료·범칙금은 보증금에서 공제하고 잔액을 반환하며, 초과분은 계약자가 추가 납부하여야 | D71: ③ 이륜차 보관·사용 등으로 제3자에게 손해가 발생한 경우 회사의 고의·과실이 없는 한 그 책임은 계
B72: 한다. | D72: 약자가 부담한다. 보험 가입·처리 책임은 전적으로 계약자에게 있으며, 본 차량이 유상운송 목적으
B73: ⑥ 계약이 중도 해지된 경우 계약자는 어떠한 사유로도 납부한 보증금 및 계약금을 반환받을 수 없다. | D73: 로 사용되는 점을 고려하여 계약자는 유상운송 용도에 적합한 보험에 가입할 의무가 있다. 부적합
D74: 보험 가입 또는 계약자의 귀책사유로 보험처리가 불가하거나 보험금으로 충당 되지 않는 손해는 전
B75: 제7조 (할부금 및 기타 지급금) | D75: 적으로 계약자가 부담한다.
B76: ① 계약자는 계약서에 기재된 할부금 및 운행 관련 제 비용을 공휴일과 무관하게 정해진 결제일에 | D76: ④ 이륜차의 등록·유지·사용·등록말소·폐차 등과 관련하여 할부금에 포함되지 않은 비용 및 제세공과
B77: 에 수납대행사(포어스바이크 유한회사) 명의 계좌로 납부하여야 한다. | D77: 과금(과태료·범칙금·벌과금 등)은 전적으로 계약자가 부담한다.
B78: 제14조 (금지행위) | D78: 제20조 (계약만료 후 처리)
B79: 계약자는 다음 행위를 하여서는 아니된다: (1) 이륜차를 양도·전대 또는 본 계약상 권리를 제3자에게 | D79: ① 계약자는 계약만료일 이후 이륜차를 운행하여서는 아니되며, 만료 후 임의 운행으로 발생하는 사
B80: 양도하는 행위, (2) 보험 인정 사용자 이외의 자에게 이륜차를 사용하게 하는 행위, (3) 이륜차 규격 | D80: 고에 회사는 민·형사상 책임을 지지 않는다.
B81: ·성능·기능을 임의로 변경하거나 번호판을 훼손하는 행위, (4) 이륜차를 제3자에게 담보 목적으로 제 | D81: ② 인수형 계약의 경우 (1) 계약자 명의 이전 시 보험가입증명서·신분증 제출, (2) 사용폐지 시 만료일
B82: 공하는 등 회사의 소유권 침해 행위, (5) 이륜차 부착 표지를 제거·훼손하거나 내용·위치를 변경하는 | D82: 익일에 번호판을 등기우편 발송 중 하나를 선택한다.
B83: 행위. 본 조의 행위가 있는 경우 회사는 사전 통지·최고 없이 본 계약을 즉시 해지하고 차량을 회수 | D83: ③ 인수형 계약에서 명의이전이 이루어지는 경우, 취·등록세는 미납금 존재 여부와 관계없이 계약자
B84: 회수하며, 제18조에 따른 위약금 및 원상복구비 등 일체의 손해를 청구할 수 있다. | D84: 가 부담하며, 신고는 회사가 대행한다. 회사는 취·등록세를 보증금에서 차감할 수 있고, 영수증을 발
D85: 발송하는 경우 계약자는 즉시 납부하여야 한다.
B86: 제15조 (제3자에 대한 면책) | D86: ④ 인수형 계약에 미납금이 있는 경우 계약만료일까지 전액 완납되어야 인수가 가능하며, 만료일(D)
B87: ① 이륜차 인수일부터 반환일까지의 기간 동안 발생한 사유로 인하여 제3자(보험사 구상금 청구 포 | D87: 이후 D+3일까지 미납 시 차량 회수가 진행되고, D+15일까지 미완납 시 계약자는 기한이익을 상실
B88: 함)가 그 청구 시점이 계약 만료·해지 이후라도 회사를 상대로 인적·물적 손해배상 또는 구상금을 | D88: 하며 회사는 차량을 자체 처분할 수 있다.
B89: 청구하는 경우 계약자는 자신의 비용·책임으로 회사를 면책시켜야 한다. | D89: ⑤ 반납형 계약의 경우 만료일 익일에 이륜차를 반환한다. 회사는 수리견적을 작성하여 수리비를 보
B90: ② 회사가 소유자라는 이유로 직접 손해배상을 한 경우 계약자는 회사가 제3자에게 지급한 금액과 관 | D90: 증금에서 차감 후 잔액을 계약자에게 지급하며, 수리비가 보증금을 초과하는 경우 차액을 계약자가
B91: 련 제비용을 즉시 상환하여야 한다. | D91: 납부한다.
B92: ③ 회사가 제3자 청구에 방어를 한 경우 계약자는 방어 관련 지출된 소송비용 등 일체를 부담하여야 | D92: ⑥ 명의이전·폐지·반납 절차에 필요한 서류 전달(번호판 등기 발송, 보험가입증명서·신분증 제출 등
B93: 한다. | D93: 포함)은 만료일 익일까지 완료되어야 하며, 이를 지체하는 경우 계약자는 제8조에 따른 손해배상금
B94: ④ 본 계약은 계약자가 보험에 가입하는 할부판매 상품으로 회사는 보험계약의 당사자가 아니므로 보 | D94: 및 부당사용이익을 회사에 납부하여야 한다.
B95: 험료·자기부담금·구상금·면책금·사고처리비용 등 보험과 관련된 일체의 비용은 계약자가 전적으로
B96: 부담하며, 회사는 이에 대해 일절 책임을 지지 아니한다. | D96: 제21조 (계약만료 전 할부금 완납 시 절차)
B97: ⑤ 운행 중 사고로 보험사가 회사에 구상금을 청구하거나 보험 보장 범위를 초과하는 손해가 발생 | D97: ① 계약자는 계약만료일까지 이륜차를 운행할 수 있다.
B98: 한 경우, 계약자는 이를 인지한 즉시 회사에 고지하여야 한다. 보험사가 회사에 구상금을 청구한 경 | D98: ② 계약 만료 전 할부금을 모두 완납하여 계약이 종료되는 경우 계약자는 제20조에서 정한 절차를
B99: 우 계약자는 통보 후 7일 이내에 그 전액을 회사에 변제하여야 한다. | D99: 진행한다.
B100: ⑥ 계약자가 전항의 고지·변제 의무를 위반한 경우 회사는 본 계약을 즉시 해지하고 차량을 회수할 | D100: ③ 계약자의 요청에 따라 만료일보다 일찍 명의이전·사용폐지를 진행하는 경우 보험환급금 등 추가
B101: 수 있으며, 회사가 부득이 직접 배상한 경우 그 금액 및 관련 비용 일체를 즉시 회사에 상환한다. | D101: 환급은 청구할 수 없다.
...
